REGION	POS	REF	ALT	REF_DP	REF_RV	REF_QUAL	ALT_DP	ALT_RV	ALT_QUAL	ALT_FREQ	TOTAL_DP	PVAL	PASS	GFF_FEATURE	REF_CODON	REF_AA	ALT_CODON	ALT_AA
MN908947.3	1875	C	T	53	40	38	21	10	38	0.28	75	7.83401e-08	TRUE	cds-QHD43415.1	GCA	A	GTA	V
MN908947.3	9477	T	A	0	0	0	84	6	65	1	84	1.30301e-65	TRUE	cds-QHD43415.1	TTT	F	TAT	Y
MN908947.3	14805	C	T	2	0	56	468	19	72	0.993631	471	0	TRUE	cds-QHD43415.1	TAC	Y	TAT	Y
MN908947.3	23796	A	+T	147	143	38	65	0	20	0.430464	151	2.03928e-16	TRUE	NA	NA	NA	NA	NA
MN908947.3	25979	G	T	0	0	0	120	0	38	1	120	2.7844e-72	TRUE	cds-QHD43417.1	GGA	G	GTA	V
MN908947.3	28144	T	C	2	0	38	572	53	38	0.996516	574	0	TRUE	cds-QHD43422.1	TTA	L	TCA	S
MN908947.3	28657	C	T	0	0	0	57	4	57	1	57	3.48598e-42	TRUE	cds-QHD43423.2	GAC	D	GAT	D
MN908947.3	28863	C	T	0	0	0	104	20	65	1	104	1.23012e-80	TRUE	cds-QHD43423.2	TCA	S	TTA	L
