REGION	POS	REF	ALT	REF_DP	REF_RV	REF_QUAL	ALT_DP	ALT_RV	ALT_QUAL	ALT_FREQ	TOTAL_DP	PVAL	PASS	GFF_FEATURE	REF_CODON	REF_AA	ALT_CODON	ALT_AA
MN908947.3	241	C	T	2	0	75	252	3	72	0.988235	255	3.35813e-201	TRUE	NA	NA	NA	NA	NA
MN908947.3	1875	C	T	57	36	40	26	20	42	0.309524	84	3.87325e-10	TRUE	cds-QHD43415.1	GCA	A	GTA	V
MN908947.3	3037	C	T	0	0	0	124	9	64	1	124	1.83505e-95	TRUE	cds-QHD43415.1	TTC	F	TTT	F
MN908947.3	11719	G	A	6	3	56	115	30	61	0.950413	121	1.36243e-79	TRUE	cds-QHD43415.1	CAG	Q	CAA	Q
MN908947.3	14408	C	T	1	0	76	309	13	69	0.996774	310	1.39863e-244	TRUE	cds-QHD43415.1	CCT	P	CTT	L
MN908947.3	20268	A	G	0	0	0	335	8	38	1	335	1.66356e-201	TRUE	cds-QHD43415.1	TTA	L	TTG	L
MN908947.3	23403	A	G	4	0	56	559	73	53	0.992895	563	0	TRUE	cds-QHD43416.1	GAT	D	GGT	G
MN908947.3	23796	A	+T	275	273	38	74	0	20	0.267148	277	2.94181e-18	TRUE	NA	NA	NA	NA	NA
